Short_Name,CMP Rs.,P/E,Ind PE,Mar Cap Rs.Cr.,CMP / BV,Profit growth %,PAT 12M Rs.Cr. ,Debt / Eq,OPM %,Net CF Rs.Cr.,Cash / MCap,Debt Rs.Cr.,Mkt Cap To Debt Cap,NP 12M Rs.Cr.,NP Qtr Rs.Cr.
St Bk of India,727.85,8.19,8.19,649578.47,1.35,15.32,79345.03,12.58,48.69,8260.39,0.5,756022.62,2.42,82345.9,19483.78
HDFC Bank,1706.6,18.77,9.84,1305782.1,2.62,17.86,69579.75,6.44,37.39,31686.7,0.16,653474.25,9.76,72168.47,18340.11
Reliance Industr,1247.9,24.41,20.55,1688704.35,2.06,-0.98,69192,0.44,17.46,28561,0.05,357525,1.33,79941,21930
ICICI Bank,1250.05,17.95,9.84,883060.9,3.03,15.93,49198.5,6.08,30.37,26312.41,0.17,217007.2,0.82,52415.74,13846.89
TCS,3511.05,26.05,27.51,1270328.62,12.52,6.98,48763,0.09,26.81,1893,0.01,9046,2.57,49006,12444
Life Insurance,740.15,10.88,45.32,468144.7,4.79,6.83,43039.98,0,3.16,-3574.31,0.09,9.8,0.88,43042.5,11008.68
O N G C,225.43,7.17,16.16,283597.23,0.81,-16.76,39568.13,0.54,13.6,-3591.02,0.12,191489.32,0.3,40998.79,9783.64
Tata Motors,655.5,7.58,18.84,241301.95,2.39,57.92,31834.16,1.05,13.12,8127.81,0.17,106549,0.56,32249,5578
Axis Bank,1010.2,11.1,9.84,312802.44,1.75,18.77,28179.02,7.4,62.17,7785.25,0.36,225020.81,1.43,28311.77,6778.91
Infosys,1579.85,23.73,27.51,656069.64,7.43,13.36,27649,0.09,23.84,2613,0.02,8221,2.35,27687,6822
Power Fin.Corpn.,388.35,5.75,18.63,128159.45,1.16,18.53,22298.72,8.27,99.49,31.9,0.03,910447.03,-0.19,29712.95,7759.56
NTPC,331.9,14.64,28.38,321832.35,1.91,12.7,21979.97,1.44,28.18,397.69,0.02,242009.49,0.69,22546.06,5169.69
Bank of Baroda,205.52,5.2,8.19,106281.84,0.76,8.15,20429.08,11.13,63.25,-2083.54,0.95,141151.6,-11.27,20579.04,5249.74
Bharti Airtel,1632.5,48.87,35.53,977121.37,10.68,75.32,19994.54,2.59,52.56,30.7,0.02,225540.8,1.47,27073.7,16134.6
ITC,412.05,25.95,27.15,515616.95,6.85,-2.09,19868.95,0,34.98,190.67,0.01,304.34,2.61,20435.31,5013.18
Kotak Mah. Bank,1985.1,20.07,9.84,394682.15,2.68,12.72,19661.93,3.63,20.58,22281.04,0.14,77070.95,2.13,22530.43,4701.02
HCL Technologies,1534.75,24.4,27.51,416479.75,6.05,8.76,17069,0.08,21.8,376,0.04,5791,1.84,17085,4594
Punjab Natl.Bank,87.2,5.95,8.19,100218.47,0.76,120.64,16833.2,12.43,71.38,-25928.29,1.44,90146.94,1.22,16904.46,4811.02
Canara Bank,82.9,4.58,8.19,75195.7,0.72,11.99,16421.19,14.09,59.77,9461.87,1.95,92492.81,1.01,16571.37,4255.68
Union Bank (I),113.7,5.31,8.19,86794.1,0.77,23.07,16344.01,11.15,66.83,7046.98,1.34,32718.49,0.42,16344.01,4623.03
Bajaj Finance,8420.45,32.66,19.13,521965.72,6,15.95,15982.78,3.74,69.15,2483.76,0.01,324218.07,-1.18,16058.44,4308.19
REC Ltd,406.65,6.84,18.63,107080.05,1.46,19.2,15653.35,6.58,98.79,34.21,0.03,483617.33,-0.25,15653.35,4076.35
Maruti Suzuki,11513.8,24.89,24.89,361996.84,4.06,18.96,14541.4,0,13.56,874.3,0.01,158.4,3.46,14541.4,3726.9
Hindalco Inds.,677.35,10.51,23.2,152215.89,1.32,54.44,14483.83,0.53,12.91,-1028,0.1,60959,0.68,13892,3735
Larsen & Toubro,3187.3,31.59,30.38,438309.53,4.91,9.68,13874.33,1.41,12.69,-4968.19,0.04,126183.49,1.95,16530.67,3973.98
Adani Power,512,15.32,28.38,197475.27,3.53,-44.77,12887.62,0.67,38.57,787.02,0.02,37704.97,1.74,12887.62,2940.07
M & M,2643.5,26.54,24.89,328726.85,4.66,11.29,12388.01,1.66,19.21,1036.69,0.04,116843.97,10.12,13656.26,3624.48
Vedanta,442.95,14.58,16.24,173210.64,4.62,138.51,11877.83,2.13,26.78,-4114,0.04,79808,0.47,17849,4876
Sun Pharma.Inds.,1683.45,34.25,27.99,403916.05,5.84,25.94,11791.48,0.04,28.28,4661.92,0.02,2571.95,4.16,11469.56,2912.98
Indian Bank,490.4,6.25,8.19,66055.11,1,38.36,10575.44,10.97,66.1,-8039.92,0.7,33416.29,24.61,10578.83,2910.18
Adani Ports,1119.2,22.89,22.89,241762.75,4.23,26.51,10562.76,0.88,60.19,449.91,0.02,50485.02,1.85,10052.93,2518.39
GAIL (India),157.96,9.86,17.24,103860.27,1.24,30.67,10533.82,0.23,11.39,902.26,0.01,19631.77,0.98,12431.57,4084.24
Hind. Unilever,2174.8,49.36,51.41,510989.11,10.06,0.4,10352.19,0.03,23.55,111,0.01,1651,3.98,10757,2989
Indus Towers,327,8.81,14.32,88124.44,3.1,79.24,10005.7,0.75,68.94,40.7,0,21358,0.92,10005.7,4003.2
Hindustan Zinc,430,19.32,28.41,181688.72,23.78,12.86,9405.85,1.83,49.78,-8,0,14016,1.24,9345,2647
Hind.Aeronautics,3396.15,26.27,71.82,227126.02,7.31,40.72,8646.28,0,31.83,-184.84,0.1,0.37,2.07,8650.59,1432.6
Bajaj Finserv,1807.45,33.66,19.13,288588.69,4.22,9.95,8574.2,4.66,36.68,3074.82,0.03,318674.72,-0.72,16886.25,4411.89
Bank of India,94.12,5.03,8.19,42849.71,0.56,33.08,8520.08,12.25,69.24,-1560.32,1.96,136689.91,-1.23,8523.63,2638.17
Shriram Finance,619.55,14.35,19.13,116499.18,2.22,24.57,8115.72,3.97,71.84,-3750.48,0.12,207819.62,-0.72,9453.83,3248.64
Bajaj Auto,7504.7,27.82,27.82,209574.46,6.77,1.79,7534.31,0.17,18.99,318.83,0,5245.29,3.64,7534.31,2195.65
General Insuranc,384.55,8.98,45.32,67465.45,1.13,9.93,7513.41,0,18.74,1152.74,0.36,0,0.5,7513.41,1676.62
Bajaj Holdings,11320.2,16.77,19.13,125982.51,2.11,27.23,7511.3,0,90.12,13.95,0,46.62,6.75,7591.08,1749.97
Oil India,375.5,8.28,16.16,61079.12,1.16,5.9,7375.06,0.53,34.95,-30.37,0.08,27821.18,0.56,7875.6,1457.2
IndusInd Bank,672.35,7.25,9.84,52379.73,0.8,-16.4,7225.73,7.02,57.79,-19709.53,0.89,44716.12,1.05,7225.73,1401.28
IDBI Bank,72.1,10.76,9.84,77524.82,1.37,34.98,7208.11,5.32,67.92,-3237.46,0.36,18796.04,6.47,7234.04,1953.62
I R F C,117.69,23.53,18.63,153803.25,2.96,9.22,6537.45,7.81,99.46,-139.87,0,406528.03,-0.26,6537.45,1630.66
NMDC,63.8,8.65,16.24,56091.8,1.98,12.5,6483.02,0.15,35.05,16.39,0.17,4157.73,0.88,6464.1,1880
UltraTech Cem.,10452.1,48.13,41.88,301755.38,4.92,-2.19,6269.45,0.28,16.9,183.21,0,16963.85,2.38,6252.49,1473.51
Interglobe Aviat,4700.85,29.91,29.91,181651.83,48.64,-15.52,6073.8,15.86,20.8,-554.86,0.08,59236.9,1.76,6073.8,2442
H P C L,323.7,11.42,20.55,68877.61,1.5,-64.35,6029.57,1.58,3.37,-5322.4,0.01,72548.22,0.46,6029.57,2543.65
Dr Reddy's Labs,1107.95,17.24,27.99,92452.24,3.01,2.56,5362.1,0.16,26.61,132.8,0.02,4854.1,1.87,5448.3,1404.2
Bank of Maha,45.43,6.63,8.19,34942.73,1.26,43.09,5269.33,10.6,61.26,11782.75,0.7,15164.21,0.69,5269.33,1411.6
LIC Housing Fin.,515.6,5.51,19.28,28361.25,0.84,5.75,5150.7,7.67,93.3,781.44,0.04,257685,-0.15,5150.99,1434.89
Bharat Electron,280.07,41.02,50.09,204724.98,11.59,39.83,4991.07,0,27.2,-2739.37,0.05,60.75,4.62,4992.33,1311.6
Cipla,1461.9,23.71,27.99,118065.23,4.16,26.14,4980.37,0.02,25.6,-48.99,0.01,461.38,2.7,4986.93,1574.59
Muthoot Finance,2196.35,18.57,19.13,88175.52,3.27,21.9,4749.2,2.91,78.49,-1392.26,0.07,78612.45,-1.45,4749.2,1363.09
LTIMindtree,4467.05,28.96,27.51,132352.23,6.28,-0.56,4570.1,0.11,17.33,-517.7,0.02,2325.6,3.3,4574.1,1086.7
Zydus Lifesci.,883.1,19.6,27.99,88860.52,4.07,38.62,4533.87,0.01,29.5,-74.8,0.01,190.5,2.49,4675,1026.2
Eicher Motors,5015.25,30.95,42.56,137493.26,7.24,15.81,4442.74,0.02,25.62,45.42,0,403.86,4.8,4442.74,1170.5
Ambuja Cements,485.8,28.3,41.88,119658.54,2.38,29.68,4228.73,0.02,17.04,2393.56,0.06,779.24,2.25,5401.94,2620.09
Hero Motocorp,3529.15,17.06,42.56,70586.82,3.71,11.33,4138.48,0.03,13.78,378.61,0.01,588.07,1.47,4150.52,1108.38
Samvardh. Mothe.,121.76,20.77,24.58,85673.93,2.63,156.79,4124.07,0.78,9.73,2205.1,0.07,25417.05,1.31,4474.34,984.35
Grasim Inds,2370.2,39.64,21.79,161277.51,1.68,-27.65,4068.5,1.7,19.59,75.09,0.03,158159.48,4.21,7934,1844.29
Cholaman.Inv.&Fn,1444.7,29.86,19.13,121482.63,5.67,26.74,4068.39,7.38,70.78,-66.21,0.03,157942.6,-0.61,4068.39,1088.21
Federal Bank,176.6,10.74,9.84,43367.06,1.33,4.53,4038.7,9.27,69.04,1389.9,0.43,32325.03,1.23,4109.71,951.31
Authum Invest,1466.9,6.26,19.13,24914.58,1.95,208.7,3979.98,0.03,102.63,127.85,0.01,343.63,107.39,3979.98,545.18
Natl. Aluminium,187.87,8.75,23.2,34504.8,2.18,151.95,3945.54,0.01,39.2,-19.8,0.07,90.8,1.45,4262.13,1582.9
Tata Power Co.,350.75,28.93,28.38,112076.53,3.33,13.14,3873.99,1.73,18.25,-928.43,0.09,58313.94,1.06,4514.84,1187.54
Adani Enterp.,2221.1,67.19,28.8,256355.08,6.12,1.29,3815.52,1.92,13.72,424.22,0.02,80427.25,2.86,4342.34,228.64
DLF,658.1,43.4,27.87,162900.26,4.05,58.15,3753.34,0.11,26.92,1186.48,0.02,4289.76,6.81,4004.44,1058.73
Aditya Birla Cap,162.19,11.47,19.13,42280.08,1.47,37.05,3685.85,4.24,35.76,-176.49,0.07,121558.19,-0.35,3812.41,724.38
Central Bank,41.47,9.87,8.19,35999.86,1.05,49.28,3645.92,12.43,57.17,-6494.14,1.13,27433.96,-20.66,3654.18,966.05
Aurobindo Pharma,1094.75,18.05,27.99,64145.63,2.08,26.71,3553.54,0.27,20.77,-1006.84,0.1,8427.25,1.46,3488.09,845.57
Motil.Oswal.Fin.,576.4,10.5,11.55,34544.45,3.12,74.72,3289.54,1.41,59.24,2709.36,0.3,15579.55,-8.72,3295.98,566
Titan Company,3010.15,82.56,31.02,267236.95,27.45,-6.2,3237,2.22,9.22,177,0.01,21648,17.43,3237,1047
Nestle India,2191.95,67.37,52.41,211338.43,52.96,4.6,3137.02,0.09,23.62,-197.55,0,369.84,6.08,3363.26,696.13
I O B,41.54,25.4,8.19,78520.62,2.68,23.79,3091.73,11.9,52.74,-2052.4,0.25,43096.67,-1.55,3091.73,873.66
Lupin,1968.45,31.33,27.99,89867.8,5.74,60.16,2868.53,0.22,22.43,-248.05,0.01,3442.5,3.91,2892.1,858.86
Ashok Leyland,196.63,20.7,18.84,57740.94,5.6,18.28,2789.78,4.3,18.65,3308.74,0.08,44297.77,-2.69,3070.56,819.67
Mazagon Dock,2316,33.96,41.3,93422.81,12.82,71.93,2751.19,0,21.95,1655.06,0.15,36.17,18.6,2751.19,807.04
Avenue Super.,3797.1,90.85,37.09,247089.85,12.27,11.81,2719.8,0.04,7.82,129.97,0,712.91,10.51,2719.8,723.54
NHPC Ltd,77.57,28.76,28.38,77919.33,1.94,-27.28,2709.67,0.85,53.57,387.87,0.04,34210.3,1.28,3109.86,330.13
H U D C O,180.76,13.49,19.28,36186.34,2.11,30.45,2681.56,5.46,100.11,322.05,0.01,93565.33,-1.3,2681.56,735.03
Varun Beverages,488.15,62.34,29.95,165080.63,9.94,24.97,2648.01,0.17,24.07,2024.07,0.01,2826.25,6.73,2634.28,195.65
Oberoi Realty,1533.5,21.61,27.87,55758.4,3.77,59.4,2580.36,0.14,60.06,131.09,0.01,2080.27,11.68,2580.36,618.38
L&T Finance Ltd,138.64,13.51,19.13,34588.85,1.42,17.35,2559.5,3.5,59.2,-5515.33,0.25,84985.01,0.66,2560.6,625.65
ICICI Lombard,1678.75,33.03,45.32,83180.25,5.97,37.15,2518.2,0,14.43,131.45,0,0,3.11,2518.2,724.38
Macrotech Devel.,1055.25,41.97,27.87,105254.89,5.79,46.73,2508.1,0.44,28.09,516.2,0.02,7989.6,3.11,2510.8,944.8
Bandhan Bank,139.84,9.08,9.84,22527.82,0.95,-16.8,2482.03,6.38,48.46,7920.87,0.54,8306.71,0.53,2482.03,426.49
M & M Fin. Serv.,271.35,13.55,19.13,33527.67,1.67,27.72,2474.35,5.43,64.44,317.01,0.11,108918.25,-0.4,2475.32,917.64
SBI Life Insuran,1385.55,57.6,45.32,138848.32,8.36,29.61,2410.56,0,0.77,-2326.79,0.03,0,0.45,2410.56,550.82
ACC,1854,14.48,41.88,34815.76,2.08,43.63,2405.09,0.03,14.54,1347.32,0.03,457.41,1.54,2596.07,1091.79
GE Shipping Co,897.1,5.39,12.15,12807.64,0.95,5.16,2378.06,0.21,55.61,609.52,0.34,2787.95,0.51,2886.25,593.66
HDFC AMC,3725.1,33.69,19.13,79629.97,11.71,32.7,2363.41,0,79.05,7.09,0,0,4.98,2363.41,641.46
Torrent Power,1291.2,27.58,28.38,65064.03,4.89,27.38,2359.17,0.87,18.08,162.6,0.01,11567.44,1.49,2428.43,489.33
UCO Bank,35.2,18.15,8.19,42084.97,1.47,35.63,2318.3,10.84,60.07,297.26,0.69,30063.71,114.52,2318.3,638.83
Oracle Fin.Serv.,7328,27.72,27.72,63642.11,9.01,7.35,2295.8,0,44.97,1443.18,0.09,30.6,2.88,2295.8,541.3
NLC India,226.1,13.91,28.38,31351.85,1.76,-12.5,2253.3,1.27,23.13,487.39,0.02,22521.46,0.53,2359.07,696.03
Britannia Inds.,4728.25,52.41,52.41,113888.55,35.48,0.72,2172.89,0.86,17.97,219.29,0,2753.56,4.67,2155.34,582.3
Yes Bank,16.19,23.4,9.84,50761.7,1.08,111.82,2169.26,7.4,60.61,-37.56,0.38,70468.86,3.98,2169.26,619.38
Alkem Lab,4706.95,26.02,27.99,56278.65,4.9,28.53,2162.49,0.13,19.78,-207.49,0.04,1477.9,3.42,2197.47,640.79
Embassy Off.REIT,366.86,16.17,39.74,34774.43,1.48,200.35,2150.73,0.86,75.8,194.03,0.03,20260.99,1.25,2150.73,158.2
J & K Bank,91.03,4.7,9.84,10024.06,0.73,32.47,2133.32,10.39,70.3,-702.38,0.85,2383.92,2.62,2133.32,528.6
ICICI Securities,836.75,12.97,11.55,27206.68,6.09,47.38,2096.94,4.99,70.27,-163.14,0.33,22262.36,-0.88,2096.94,504.46
Chola Financial,1594,14.44,19.13,29931.73,2.63,24.34,2073.15,13.85,56.88,-82.22,0.13,157330.04,-0.15,4521.45,1092.9
Divi's Lab.,5620.45,72.18,25.37,149205.29,10.88,49.46,2067,0,30.98,193,0.03,8,6.79,2067,589
SBI Cards,829.85,38.62,19.13,78948.11,6.03,-12.7,2044.47,3.3,31.13,1492.26,0.03,43217.99,-1.59,2044.47,383.23
AU Small Finance,502.85,18.39,9.84,37433.31,2.35,28.14,2035.57,7.43,52.72,-3048.84,0.21,8777.12,0.72,1972.97,528.45
Bosch,26378.35,38.45,24.58,77799.36,6.11,20.13,2023.22,0,12.75,84,0.03,31.4,6.34,2024.1,458.2
Pidilite Inds.,2729.9,69.29,28.35,138855.7,15.93,17.06,2003.89,0.04,22.88,212.29,0,378.88,7.02,1972.94,557.08
TVS Motor Co.,2250.9,54.16,42.56,106937.36,13.78,20.75,1974.38,1.88,14.43,504.61,0.02,14618.8,-7.49,2093.83,609.35
Manappuram Fin.,208.14,8.96,19.13,17617.69,1.41,-3.69,1965.26,3.12,63.13,49.39,0.18,39148.35,-0.63,1970.55,278.46
Bajaj Housing,115.25,49.03,19.28,95981.89,5.11,18.54,1957.57,3.96,91.42,-30.02,0,74474.61,-0.79,1957.57,548.02
Cummins India,2835.25,40.39,24.64,78593.13,12.13,37.15,1945.93,0,20.52,-99.5,0.02,19.47,7.51,1945.93,514
Mankind Pharma,2201.15,46.97,27.99,90814.72,8.42,23.14,1933.66,0.02,27.67,55.07,0.01,207.46,5.55,2018.47,416.38
IDFC First Bank,53.48,20.32,9.84,39155.77,1.04,-36.34,1926.65,7.5,34.54,-1297.52,0.34,46398.37,0.37,1926.65,340.17
Karur Vysya Bank,186.71,7.98,9.84,15029.62,1.38,26.76,1884.38,8.92,61.19,963.43,0.34,1417.99,0.58,1884.38,496.03
A B B,5118.55,57.86,45.56,108466.36,15.33,50.3,1874.61,0.01,18.91,58.11,0.05,51.88,9.87,1871.64,528.41
Natco Pharma,780.85,7.5,27.99,13985.79,1.96,45.85,1863.7,0.03,50.16,-61.5,0.05,208.4,1.98,1863.7,132.4
Torrent Pharma.,3056.05,55.55,35.18,103425.97,13.78,30.01,1862,0.42,32.21,326.61,0.01,3128,3.82,1862,503
Jindal Saw,260.61,9,16.51,16666.22,1.53,31.31,1851.49,0.51,17.04,663.49,0.03,5525.88,0.89,1851.49,479.38
Polycab India,5003.1,40.92,24.05,75258.83,8.76,10.6,1839.32,0.02,12.83,156.95,0.01,193.23,6.36,1864.65,464.35
PNB Housing,803.45,11.44,19.28,20881.62,1.4,33.6,1825.64,3.68,92.07,-1658.98,0.15,55016.54,0.55,1825.64,471.43
Balkrishna Inds,2499.05,27.25,23.21,48310.93,5.14,42.48,1773.16,0.33,24.34,5.32,0,3121.69,2.78,1773.16,449.48
Dabur India,500.95,50.19,32.5,88784.28,8.57,0.34,1768.91,0.17,18.77,-118.75,0.01,1751.62,3.93,1768.91,515.82
MRF,105041.6,25.41,23.21,44549.64,2.52,-13.45,1753.27,0.18,14.28,54.56,0.01,3138.2,1.48,1753.29,315.46
HDFC Life Insur.,622.4,76.7,45.32,133996.08,8.48,14.61,1747.1,0.12,0.72,-3295.71,0.01,1950,1.32,1747.1,421.31
P I Industries,3297.3,29.44,22.67,50026.02,5.24,6.69,1699.2,0.02,27.3,13.8,0.05,174.4,3.65,1699.2,372.7
Mphasis,2205.15,25.41,27.51,41892.78,4.82,5.23,1648.87,0.21,18.54,-239.2,0.02,1820.13,2.06,1648.87,427.81
Sundaram Finance,4627.4,31.52,19.13,51412.2,4.11,1.87,1631.23,4.5,78.25,357.35,0.03,56255.9,-1.61,1798.88,455.47
Jio Financial,222.6,88,19.13,141424.11,1.03,6282.46,1607.11,0,77.78,10.61,0.06,0,,1607.11,294.78
Marico,606.3,48.97,20.54,78540.39,16.87,9.49,1604,0.11,20.45,21,0.01,498,4.43,1633,406
Indian Hotels Co,750.45,68.39,33.48,106821.47,10.52,33.55,1561.99,0.29,32.92,-257.05,0.01,2972.84,9.03,1913.76,632.53
Indian Renewable,139.85,24.5,18.63,37588.39,4.03,31.3,1534.2,5.85,94.28,-64.24,0.02,54638.64,-0.45,1534.2,425.38
Lloyds Metals,1121.8,38.48,16.24,58697.28,10.14,23.51,1525.51,0.01,30,-25.15,0,36.13,20.54,1525.51,389.53
Indraprastha Gas,184.88,17.24,17.24,25883.23,2.76,-11.44,1501.16,0.01,13.75,107.18,0.08,74.18,1.21,1501.16,285.82
Trent,5022.4,120.18,37.09,178540.02,38.15,82.87,1485.61,0.39,15.83,211.32,0,1842.2,26.97,1934.9,496.54
Godrej Propert.,1969.1,40.02,27.87,59306.31,5.47,122.48,1482.05,1.25,-0.62,591.19,0.04,13589.81,-4.83,1488.8,158.2
United Spirits,1353.7,67.09,29.86,98461.48,12.9,15.48,1467.7,0.07,17.86,937,0.01,518,7.42,1402,335
Colgate-Palmoliv,2411.7,44.88,51.41,65594.78,39.69,14.59,1461.63,0.04,32.83,82.94,0.02,70.05,4.59,1461.63,322.78
Adani Green,873.65,95.07,28.38,138389,13.09,-11.47,1455.69,6.38,75.13,606,0.04,67430,2.55,1928,474
Havells India,1458.65,65.32,65.32,91448.86,11.73,18.43,1399.94,0.04,9.71,-199.06,0.03,331.63,6.38,1399.94,277.96
CESC,138.67,13.17,28.38,18381.69,1.52,-0.92,1396,1.29,13.85,146.18,0.14,15572,0.56,1458,282
Apollo Tyres,400.95,18.87,23.21,25464.37,1.78,-24.53,1349.71,0.34,14.49,69.79,0.03,4800.64,0.8,1290.79,337.25
Angel One,1953.5,13.19,11.55,17635.95,3.34,27.07,1337.55,0.59,39.14,909.92,0.43,3135.25,14.81,1337.51,281.47
Guj.St.Petronet,272.5,11.51,17.24,15374.76,1.37,-14.2,1336.34,0.01,17.18,113.87,0.09,135.84,0.42,1948.26,335.43
Abbott India,29597,47.13,47.13,62893.63,17.86,16.49,1334.46,0.02,25.56,52.07,0.03,60.5,5.71,1334.46,360.78
Container Corpn.,640.25,29.28,24.41,39010.07,3.2,8.99,1332.19,0.08,22.26,-150.27,0.08,914.97,1.65,1310.79,367.28
Nippon Life Ind.,524.5,25,19.13,33274.18,8.17,38.27,1330.71,0,64.12,2.97,0.01,0,4.43,1330.71,295.36
JSW Infrast,264.3,41.96,22.89,55503.04,6.52,17.44,1322.79,0.56,51.35,104.7,0.05,4778.91,3.67,1334.98,335.62
Persistent Sys,5125.75,60.53,27.51,79884.81,14.25,28.17,1319.73,0.1,17.08,195.5,0.01,576.58,7.78,1319.73,372.99
Tata Consumer,946.1,71.36,35.79,93616.04,4.89,2.52,1311.8,0.15,14.69,281.46,0.03,2954.65,4.89,1150.64,281.92
Apollo Hospitals,6105.65,67.01,53.78,87789.88,11.7,66.23,1310.1,0.98,13.68,72.1,0.01,7371,4.65,1349,379.4
L&T Technology,4378.2,37.51,27.51,46355.35,8.73,-1.28,1235.7,0.12,19.61,463.3,0.02,611.6,3.41,1235.7,300.8
I R C T C,689.05,44.69,44.69,55124,15.65,8.55,1233.6,0.01,33.49,262.49,0.04,42.34,7.67,1241.08,341.21
Gujarat Gas,387.55,21.75,17.24,26678.56,3.36,11.24,1226.38,0.02,12.24,241.28,0.03,145.92,1.22,1267.87,221.62
Redington,224.6,14.34,28.8,17558.65,2.31,1.74,1224.12,0.23,1.98,-264.21,0.1,1724.44,2.13,1226.77,402.96
Adani Wilmar,247.07,26.43,20.54,32111.16,3.6,352.56,1214.95,0.22,4.12,-114.19,0.1,2000.79,3.56,1214.95,409.35
Suzlon Energy,54.58,63.14,45.56,73891.41,16.44,136.36,1170.33,0.06,16.36,59.53,0.01,276.79,20.05,1144.77,387.76
Patanjali Foods,1718.6,54.14,20.54,62212.44,5.74,39.7,1149.12,0.1,5.41,-265.67,0.02,1116.7,10.77,1149.12,370.93
SRF,2951.8,76.29,28.35,87498.68,7.29,-22.29,1146.93,0.44,17.61,-208.65,0.01,5246.44,3.44,1146.93,271.08
Escorts Kubota,2908.5,28.5,28.5,32539.64,3.31,15.63,1141.62,0.01,11.74,27.61,0.03,99.84,4.05,1198.42,320.63
Berger Paints,488.2,49.91,33.56,56918.98,10.18,0.81,1140.45,0.14,15.66,124.09,0.01,796.52,4.89,1142.52,295.97
Bombay Burmah,1644.4,10.21,24.58,11473.29,2.25,72.27,1124.1,0.58,17.26,204.15,0.2,2956.75,0.51,2163.31,627.3
Solar Industries,10097.15,81.42,81.42,91369.17,24.08,39.07,1122.26,0.32,25.4,14.82,0,1198.12,12.02,1184.53,337.5
TVS Holdings,8345.5,15.16,19.13,16884.7,5.09,39.73,1113.43,8.24,14.98,941.39,0.21,27261.45,-1.39,2229.15,685.45
Tata Comm,1503.95,38.5,35.53,42862.58,24.11,16.74,1113.42,6.99,19.65,-272.43,0.02,12420.37,0.98,1117.8,236.08
City Union Bank,149.08,10.13,9.84,11046.62,1.24,11.39,1090.49,6.75,69.86,294.25,0.62,2546.55,0.87,1090.49,286
360 ONE,864.85,31.75,19.13,33982.24,8.59,49.27,1070.28,2.79,55.98,-66.75,0.02,10900.59,11.08,1008.31,276.47
IIFL Finance,313.25,12.46,19.13,13297.98,1.1,-40.78,1067.63,3.31,54.48,-1162.26,0.38,40032.81,-0.45,757.43,81.71
Nava,404.3,11.02,11.35,11732.84,1.59,16.9,1064.38,0.09,47.18,-128.9,0.03,683.68,0.75,1386.24,353.26
Max Healthcare,990.7,90.83,53.78,96310.11,10.95,0.32,1060.36,0.2,26.27,-394.49,0.01,1768.19,10.96,1008.42,238.8
Mahanagar Gas,1285.95,12.01,17.24,12702.33,2.3,-18.19,1057.69,0.03,23.02,-15.21,0.02,148.92,0.97,1057.69,225.37
Bharti Hexacom,1353.7,64.43,35.53,67685,13.01,162.45,1050.58,1.64,48.08,-12.6,0,8513.4,2.44,1247.8,260.9
Godfrey Phillips,5708.25,28.34,27.15,29679.43,6.3,28.34,1047.2,0.05,19.08,-3.8,0,247.54,5.42,1007.82,315.84
Phoenix Mills,1564.5,54.18,27.87,55932.81,5.6,4.21,1032.29,0.47,54.31,3.37,0.01,4662.34,4.09,1351.21,352.76
Five-Star Bus.Fi,650.4,18.6,19.13,19148.34,3.33,33.91,1029.43,1.2,74.43,194.04,0.08,6879.53,-1.47,1029.43,273.86
Supreme Inds.,3343.75,41.57,26.66,42474.61,8.01,-4.89,1021.76,0.01,14.44,440.55,0.02,74.39,3.73,1021.76,186.97
New India Assura,144.14,24.03,45.32,23754.27,0.78,6.27,988.4,0,2.16,1910.19,0.56,0,-0.64,994.91,348.51
Schaeffler India,3347.55,53.52,29.96,52323.44,9.72,7.36,977.67,0.01,18.17,394.31,0.03,42.42,5.74,977.67,249.33
Bharat Forge,1039.25,52.23,27.42,49685.36,6.83,14.57,951.3,1.06,17.19,796.25,0.03,7740.24,3.31,857.77,212.78
Amara Raja Ener.,961.6,18.57,24.58,17599.72,2.43,11.26,947.84,0.05,13.86,-0.22,0.01,334.36,1.44,1025.12,311.83
Uno Minda,902.85,55.07,24.58,51838.38,9.73,21.64,941.35,0.4,11.35,119.27,0,2132.7,5.83,1033.05,254.37
CG Power & Ind,599.1,97.77,45.56,91594.57,26.04,9.03,936.81,0.01,13.23,-511.51,0.01,30.23,16.1,932.53,237.85
BSE,3926.25,56.81,44.09,53152.14,14.34,130,935.54,0,43.69,1621.53,0.07,0.02,4.75,935.54,218.59
Castrol India,231.08,24.84,28.35,22856.64,10.03,7.94,920.22,0.04,23.83,-40.34,0.06,82.02,2.11,927.23,271.39
SJVN,85.42,36.64,28.38,33568.31,2.3,2.52,916.09,1.63,70.76,309.2,0.11,23883.68,1.53,1006.82,148.75
Altius Telecom,148,49.33,47.14,45101.52,2.34,-23.78,914.2,2.59,39.53,70.4,0.01,49852,1.08,914.2,219.7
Aditya AMC,591.2,18.72,19.13,17055.18,5.21,28.74,910.9,0.02,58.58,5.49,0.01,75.05,2.53,910.9,224.47
Nuvama Wealth,5054.2,19.94,11.55,18154.35,5.74,71.96,910.53,2.48,53,-421.56,0.49,7833.65,-1.11,910.53,251.71
Shyam Metalics,825.35,25.39,16.51,23038.15,2.26,-14.68,907.47,0.11,12.27,-51.37,0.01,1086.13,1.58,911.05,197.31
Ajanta Pharma,2538.25,35.31,35.18,31705.81,8.62,22.04,897.85,0.01,27.38,-200.6,0.01,32.79,4,897.85,232.88
Deepak Fertiliz.,1118.15,16.2,28.35,14115.28,2.49,80.51,871.14,0.67,19.42,-53.31,0.03,3775.77,1.32,886.44,253.09
Aadhar Hsg. Fin.,414.65,20.59,19.28,17887.36,3.04,22.81,868.75,2.49,76.22,-48.88,0.09,14609.3,-0.89,868.75,239.34
Glaxosmi. Pharma,2657.8,52.71,47.13,45024.74,26.92,33.18,854.13,0.01,29.73,29.23,0.02,14.79,6.11,859.19,229.88
Vardhman Textile,366.25,12.51,20,10591.03,1.12,43.55,846.55,0.1,13.19,-41.3,0.02,951.39,1.3,850.97,211.77
Pun. & Sind Bank,39.11,31.47,8.19,26507.92,2.25,-7.74,842.4,11.88,67.3,1086.29,0.26,12611.91,-1.64,842.4,281.96
M R P L,119.33,25.21,20.55,20913.76,1.7,-81.03,829.42,1.1,3.66,2.93,0,13533.13,0.54,824.08,309.3
NCC,185.86,14.14,18.09,11669.16,1.7,22.88,825.43,0.25,8.48,269.54,0.08,1726.39,0.83,841.92,205.86
K P R Mill Ltd,897.55,37.22,30.64,30679.52,6.55,2.86,824.17,0.08,19.77,-33.45,0,391.97,4.21,824.17,202.25
Biocon,323.05,47.11,27.99,38785.38,1.85,-31.31,823.36,0.8,20.12,-380.4,0.06,16770.8,1.84,1192.9,81.1
Cochin Shipyard,1291.65,41.3,41.3,33980.83,6.39,50.28,822.88,0.09,22.09,-65.15,0.12,487.22,3.22,822.88,184.29
Tube Investments,2926.55,69.09,16.51,56626.95,10.61,-7.12,819.65,0.13,10.42,-336.42,0.02,698.92,5.93,1167.41,280.15
Tata Elxsi,5236.75,40.29,27.72,32616.64,13.12,1.59,809.45,0.08,27.55,-0.65,0.04,205.78,5.52,809.45,199.01
Godawari Power,172.83,14.3,16.51,11561.89,2.55,-8.46,808.44,0.01,22.15,-387.82,0.07,33.71,0.95,810.17,145.04
Apar Inds.,5481.55,27.27,45.56,22018.46,5.36,-2.89,807.56,0.13,8.5,85.19,0.03,542.91,8.51,807.56,174.92
UTI AMC,932.8,14.79,19.13,11936.36,2.75,17.16,806.79,0,61.05,-58.55,0.03,0,3.43,892.41,173.59
Endurance Tech.,1905.15,33.44,24.58,26798.38,5.05,32.06,801.38,0.14,13.46,216.97,0.01,762.57,2.5,801.38,184.39
Exide Inds.,333,35.7,24.58,28305,2.05,-9.08,792.89,0.14,10.65,182.97,0.01,1867.3,1.81,798.29,158.44
Star Health Insu,354.05,26.42,45.32,20809.09,2.97,-2.09,787.68,0.07,6.64,156.23,0.02,470,1.99,787.68,215.14
Emami,562.15,31.17,32.5,24537.85,9.33,9.23,787.32,0.03,26.86,6.17,0.01,74.39,2.71,787.32,278.98
Fortis Health.,605.45,58.14,53.78,45708.94,5.82,46.87,786.13,0.15,20.28,124.52,0.01,1186.5,5.31,824.5,254.3
Narayana Hrudaya,1542.15,40.22,53.78,31515.5,9.83,1.55,783.66,0.53,22.53,97.15,0.01,1703.13,3.73,784.15,193.06
Swan Energy,398.1,16.02,21.07,12478.72,1.93,178.86,778.76,0.36,-0.69,1117.91,0.06,2337.95,183.11,952.34,561.95
Coforge,7292.25,63.68,27.72,48765.54,8.16,4.14,765.8,0.18,13.77,-248.6,0.01,1063.7,5.3,858,255.9
KPIT Technologi.,1206.45,43.59,27.72,33074.08,13.23,40.51,758.71,0.14,20.65,200.81,0.02,349.25,4.48,760.8,186.97
Jai Balaji Inds.,136.74,16.51,16.51,12474.65,6.47,27.28,755.38,0.22,14.75,24.19,0.01,432.06,2.43,755.38,120.42
IRB Infra.Devl.,42.8,34.64,18.09,25846.92,1.85,36.38,746.12,1.35,42.86,-67.89,0.08,18838.29,0.96,6454.84,6026.11
Ipca Labs.,1299.3,44.9,27.99,32963.79,4.92,36.81,734.22,0.18,18.56,-823.19,0.03,1202.18,3.09,722.58,276.36
P & G Hygiene,13394.25,60.73,51.41,43478.72,45.97,-5.28,715.92,0,24.02,-390.16,0.02,2.57,5.42,715.92,268.59
Voltas,1402.55,65.51,74.5,46408.24,7.39,152.51,708.46,0.14,5.67,122.83,0.02,871.02,7.36,709.23,130.76
Aptus Value Hou.,296.1,20.9,19.28,14799.5,3.69,21.45,708.25,1.54,83.74,-110.66,0.03,6196.09,-1.32,708.25,190.5
Gland Pharma,1554.85,36.37,35.18,25617.15,2.91,1.59,704.4,0.04,22.34,-1551.81,0.11,326.63,2.96,704.4,204.69
EIH,359.1,31.93,33.48,22456.83,5.49,28.41,703.4,0.05,36.52,-1.39,0.02,199.84,6.05,755.87,278.83
Deepak Nitrite,1948.6,38.48,28.35,26577.55,5.22,-12.67,690.65,0.17,13.08,200.33,0.01,857.05,2.58,748.71,98.13
CRISIL,4373.7,46.76,32.47,31984.88,12.47,6.41,684.07,0.1,27.94,-63.06,0.01,250,4.4,684.07,224.69
Sarda Energy,541.05,28.05,22.58,19065.59,3.22,25.37,679.69,0.48,26.07,96.19,0.03,2874.56,2.63,689.79,200.08
Page Industries,40099.25,66.42,30.64,44726.2,30.02,24.85,673.34,0.14,20.53,89.14,0,206.61,6.83,673.34,204.66
Adani Total Gas,604.35,99.53,17.24,66467.02,17,11.77,667.78,0.37,23.9,125.12,0.01,1457.45,7.21,667.78,142.38
Tejas Networks,659.75,17.46,17.46,11615.53,3.12,798.13,665.11,0.78,17.33,107.16,0.04,2910.8,-2.04,665.11,165.67
Kalyan Jewellers,430.9,66.93,31.02,44444.55,10.2,20.64,664.06,1.04,6.18,36.8,0.02,4549.92,5.01,664.06,218.68
Zomato Ltd,201.43,293.19,39.55,194387.01,9.12,5625,663,0.05,3.62,91,0,1159,-19.19,663,59
Zensar Tech.,654.15,22.97,27.72,14855.01,4.01,5.84,646.7,0.04,15.67,-31.2,0.05,146.9,1.84,646.7,159.8
J B Chemicals &,1517.8,36.92,27.99,23628.43,7.35,24.5,640.05,0.03,26.2,11.28,0,92.75,4.32,640.05,162.49
Info Edg.(India),6382.55,129.25,39.55,82707.71,1.98,202.73,639.89,0.01,30.24,-29.4,0.01,255.64,12.99,719.98,288.42
KEI Industries,3053.95,45.69,24.05,29181.28,8.44,16.04,638.66,0.1,10.09,186.19,0.02,351.33,7.81,638.66,164.81
Welspun Living,120.03,18.29,21.71,11664.62,2.56,-3.42,637.89,0.69,12.78,54.71,0.02,3164.21,1.29,641.77,122.87
Brigade Enterpr.,950.45,36.45,27.87,23226.58,4.51,155.34,637.22,1.05,26.92,195.14,0.07,5385.15,2.58,641.99,235.52
Dixon Technolog.,13324.05,125.99,24.01,80049.86,35.91,80.73,635.39,0.36,3.75,-16.56,0,793.98,16.09,864.93,216.23
Cyient,1192.35,20.87,27.72,13239.73,2.57,-11.43,634.5,0.11,16.07,-77.2,0.06,570,1.58,658.8,127.7
APL Apollo Tubes,1372.8,60.06,16.51,38098.57,9.9,-16.95,634.39,0.27,5.34,222.47,0.01,1022.59,3.87,634.39,216.97
Motherson Wiring,50.8,35.52,24.58,22459.23,13.88,8.03,632.37,0.17,11.25,130.9,0.01,281.97,,632.37,139.98
J K Cements,4271.3,52.29,41.88,33003.59,5.97,-8.45,631.12,1.04,15.98,-82.75,0.03,5738.03,1.84,730.52,189.87
Kansai Nerolac,224.65,28.97,33.56,18161.71,3.22,-3.2,627.02,0.05,12.29,64.41,0.01,291.88,2.82,1121.19,662.27
Pfizer,4065.35,30.22,47.13,18598.05,4.96,21.18,615.52,0.01,31.4,75.4,0.11,36.94,3.66,615.52,127.6
Thermax,3370.7,66.09,66.09,40164.01,8.69,11.41,607.76,0.32,8.74,19.02,0.03,1475.39,7.55,608.73,113.73
Emcure Pharma,927.7,28.92,27.99,17573.59,4.27,-6.2,607.64,0.29,18.41,218.52,0.02,1188.77,1.84,631.25,156.09
BASF India,4485.75,32.17,28.35,19416.86,5.53,27.6,603.54,0.05,6.06,255.27,0.03,177.11,2.85,613.61,103.58
Sona BLW Precis.,485.8,50.63,24.58,30203.06,5.77,19.89,596.55,0.04,27.56,46.9,0.01,201.51,5.85,584.08,150.71
Alembic Pharma,827.35,27.4,27.99,16262.65,3.33,0.57,593.59,0.22,15.52,44.73,0.01,1066.35,1.63,603.59,137.7
L T Foods,334.55,19.57,29.95,11617.35,3.18,3.63,593.58,0.33,11.32,17.46,0,1205.99,1.89,601.52,145.39
Birlasoft Ltd,385.75,18.65,27.72,10719.11,3.28,3.4,574.74,0.04,13.75,-74.31,0.05,145.35,1.77,574.74,116.94
NBCC,77.89,37.15,26.82,21030.3,8.99,29.63,566.03,0,5.04,-248.82,0.24,0.41,24.17,516.25,142.43
Bharat Dynamics,1108.25,71.82,71.82,40624.29,10.89,18.66,565.66,0,20.22,-459.04,0.1,2.95,3.5,565.66,147.13
AAVAS Financiers,1872.45,26.32,19.28,14820.43,3.66,18.58,563.05,3.08,75.67,-156.11,0.11,12479.4,-0.81,563.05,146.42
Firstsour.Solu.,302.65,38.18,27.72,21398.2,5.49,7.25,560.39,0.58,15.02,23.23,0.01,2251.91,2.43,567.27,160.31
3M India,27880.3,56.59,11.35,31421.1,18.86,6.52,555.27,0.01,17.34,227.06,0.03,10.17,6.71,555.27,113.77
C D S L,1071,40.32,44.09,22383.9,14.64,57.3,555.18,0,60.33,-31.88,0,1.04,7.51,555.34,129.8
Sundram Fasten.,920.05,35.26,24.58,19332.86,5.31,6.56,548.22,0.23,16.09,-35.02,0,834.95,2.94,551.67,130.73
Blue Star,2025.65,76.04,74.5,41650.36,15.24,52.86,547.73,0.13,7.43,129.82,0.01,348.71,11.74,556.99,132.46
DCM Shriram,986.75,28.33,28.33,15387.61,2.32,5.27,543.16,0.33,10.26,-106.93,0.05,2203.15,1.08,543.16,262.14
Finolex Cables,797.55,22.64,24.05,12197.68,2.8,-3.79,538.76,0,9.89,25.67,0.01,18.58,2.67,538.76,123.94
SKF India,3638.8,33.45,29.96,17989.49,7.84,7.62,537.84,0,13.28,262.18,0.06,10.21,3.55,537.84,109.65
Honeywell Auto,33850.45,56.26,49.26,29923.8,7.94,14.34,531.9,0.02,14.78,2341.5,0.09,80.1,6.63,531.9,132.1
Mindspace Busine,360.62,41.34,39.74,21968.38,1.56,34.09,531.37,0.61,71.87,-95.7,0.02,8405.15,1.8,544.74,144.96
Astral,1238.3,63.71,26.66,33265.04,9.88,-7.52,522.1,0.06,16.19,79.9,0.02,197.8,4.45,522.1,112.6
Crompton Gr. Con,344.25,42.63,65.32,22161.74,7.13,20.29,519.89,0.16,10.66,95.22,0.01,488.37,2.63,525.77,111.92
eClerx Services,2521.15,23.86,27.72,12360.03,6.03,0.68,518.07,0.14,24.27,-64.05,0.05,289.72,2.29,518.63,137.2
Caplin Point Lab,1841.95,27.19,35.18,14000.97,5.51,17.91,514.96,0,33.05,-38.86,0.04,2.43,4.52,517.03,140.07
Nexus Select,129.64,38.14,39.74,19640.46,1.37,14.62,514.91,0.37,68.35,39.39,0,5246.6,,514.91,118.73
Himadri Special,401.6,38.55,28.35,19826.24,5.81,38.36,514.29,0.1,17.19,7.08,0.03,347.69,7.69,514.81,141.15
Kalpataru Proj.,856.65,28.46,33.91,14629.23,2.82,18.18,514.04,0.94,8.24,52.7,0.07,4858.63,1.43,518.1,139.59
Sumitomo Chemi.,486.35,47.34,22.67,24275.95,8.95,54.06,512.82,0.01,20.85,-0.99,0.01,24.27,4.82,512.82,84.31
Multi Comm. Exc.,4808.45,47.85,44.09,24522.31,15.48,74168.12,512.45,0,60.56,-1.57,0.04,1.43,7.44,512.45,160.04
CEAT,2640.7,21.01,23.21,10681.66,2.54,-24.3,508.4,0.5,11.55,-5.46,0.01,2084.2,0.73,474.93,97.03
Global Health,1178.05,62.37,53.78,31640.94,10.07,12.29,507.29,0.22,23.3,-342.64,0.04,688.48,6.38,507.29,142.86
GE Vernova T&D,1421.55,74.57,45.56,36398.79,26.44,450.69,488.13,0.03,16.72,87.27,0,38.1,26.95,488.13,142.68
Avanti Feeds,842.55,23.86,29.95,11479.38,4.56,37.51,481.12,0.01,10.63,-21.12,0.04,16.2,4.32,512.46,140.81
Gillette India,7774.3,53.45,51.41,25336.44,23.36,21.21,474.04,0,25.38,19.99,0.02,0.05,4.82,474.04,125.97
Indiamart Inter.,1955.95,25,39.55,11741.99,6.25,61.12,469.7,0.02,31.99,26.7,0.01,38.4,2.32,469.7,121
Gujarat Fluoroch,3840.05,92.51,28.35,42182.95,6.87,-31.52,456,0.35,23.44,7.46,0,2179,5.16,456,126
K E C Intl.,671.6,39.35,33.91,17877.99,3.54,70.02,454.3,0.85,6.4,-76.06,0.02,4311.94,4.56,454.3,129.56
BLS Internat.,325.65,29.54,27.72,13408.34,9.39,59.83,453.84,0.27,28,347.18,0.05,378.9,5.61,479.87,127.91
Carborundum Uni.,955.65,40.62,45.36,18197.29,5.46,20.89,448.01,0.05,15.89,158.51,0.03,178.89,3.41,411.17,37.61
PCBL Chemical,372.7,31.57,28.35,14068.03,3.69,-7.51,445.68,1.29,16.36,272.07,0.02,4906.19,2,445.43,93.11
United Breweries,1911.65,115.12,29.86,50545.01,11.96,29.69,439.05,0.03,9.13,-200.71,0.01,126.53,10.22,426.2,38.52
Kirl. Brothers,1578.2,28.82,34.72,12532.32,6.76,49.29,434.92,0.09,13.78,44.62,0.02,167.3,3.48,433.6,118.5
Cams Services,3410.1,39.03,44.09,16856.07,17.02,38.55,431.9,0.08,46.76,-12.36,0.01,78.97,4.71,431.9,117.82
Akzo Nobel,3124.5,33.1,33.56,14229.07,9.99,4.02,429.9,0.05,15.93,-40.6,0.04,64.5,3.25,429.9,108.6
Sonata Software,358.9,23.54,27.72,10064.45,6.71,-0.87,427.49,0.42,6.79,118.62,0.08,623.45,2.22,427.49,105.01
Dr Lal Pathlabs,2525.05,50.64,53.78,21107.33,10.54,26.34,416.8,0.1,27.92,97.2,0.04,198.5,3.98,422.5,98.1
Atul,5541.15,39.23,28.35,16314.12,2.91,16.97,415.84,0.04,15.67,22.21,0,217.05,2.04,427.49,117.1
Supreme Petroch.,575,26.05,17.82,10812.38,5.15,10.91,415.14,0.06,9.27,178.36,0.04,122.96,2.07,415.14,71.35
Metro Brands,1076.75,71.31,54.19,29309.62,14.87,26.15,411.03,0.57,29.37,16.09,0.01,1117.16,6.78,414.69,95.08
Fine Organic,3769.4,28.48,28.35,11556.97,5.66,1.13,405.85,0,23.35,118.35,0.06,3.6,3.15,405.43,89.01
Vedant Fashions,778.4,46.99,30.64,18909.3,12.42,-0.91,402.41,0.3,47.16,13.67,0,463.18,4.27,402.41,157.98
Hindustan Copper,215.8,51.87,28.41,20868.38,8.67,32.67,402.3,0.04,35.36,-222.31,0.01,91.5,2.84,402.3,62.9
Timken India,2577.35,48.23,29.96,19386.5,7.5,13.17,402,0.01,18.66,94.41,0.01,18.09,6.2,402,74.31
Indian Energy Ex,153.56,34.43,44.09,13692.83,13.49,20.82,397.75,0.01,84.99,90.9,0.01,8.19,3.66,397.75,103.15
Garden Reach Sh.,1303.35,37.82,41.3,14930.13,8.1,31.16,394.75,0.01,6.54,-8.72,0.27,9.59,3.9,394.75,98.19
Vinati Organics,1553.25,41.06,28.35,16101.86,6.23,21.18,392.15,0,25.67,-121.62,0,7.67,3.99,392.15,95.55
Action Const.Eq.,1151.25,35.23,31.58,13709.45,9.91,40.54,389.1,0.08,14.73,26.73,0.01,114.12,5.8,389.13,111.68
Shakti Pumps,909.2,28.19,34.72,10929.55,11.6,614.39,387.77,0.17,23.16,179.56,0.01,161.66,14.49,387.77,104.05
Anant Raj,490.55,43.54,27.87,16771.45,4.38,67.43,385.23,0.1,23.12,270.95,0.01,385.67,34.07,391.04,110.37
Capri Global,159.08,34.24,19.13,13125.95,3.27,46.48,383.37,3.19,59.7,-836.87,0.08,12809.87,-0.64,383.37,128.08
Indegene,513.3,32.19,45.6,12302.65,5.21,31.34,382.2,0.04,19.06,115,0.01,88.1,4.36,383.9,109.7
Ramkrishna Forg.,686.1,32.65,27.42,12428.15,4.22,22.49,380.66,0.5,21.53,128.6,0.01,1481.14,2.76,464.13,99.61
Jupiter Wagons,295.05,32.97,31.58,12524.81,4.9,41.05,379.93,0.16,13.84,-3.95,0.01,400.25,28.04,379.93,97.86
IndiGrid Trust,140.91,31.37,19.75,11759.76,2.09,-4.51,374.93,3.65,88.65,-82.94,0.06,19303.77,0.49,386.11,98.73
Jyothy Labs,330.8,32.63,32.5,12147.46,6.44,6.31,372.23,0.03,17.47,-21.26,0.02,55.87,3.11,372.26,87.4
Grindwell Norton,1527.6,45.86,45.36,16913.59,8.22,-5.34,368.79,0.04,18.27,9.49,0.01,80.17,4.24,371.11,87.97
Affle India,1430.55,54.87,27.72,20098.7,7.46,34.59,366.29,0.05,20.6,473.09,0.05,134.71,8.91,366.29,100.22
HFCL,77.55,30.57,30.57,11187.93,2.67,25.5,365.92,0.29,14.82,-39.58,0.03,1214.77,6.28,365.92,72.58
Aarti Industries,382.75,38.01,28.35,13875.45,2.55,-15.9,365,0.71,14.32,-71.01,0.01,3883,1.11,367,46
Go Digit General,294.05,74.97,45.32,27138.95,5.84,134.24,361.99,0.08,-1.18,76.74,0.01,350,,361.99,118.52
Bata India,1236.45,44.68,54.19,15891.79,10.82,23,355.69,0.98,21.19,-24.48,0.03,1437.86,2.72,348.39,58.7
Kajaria Ceramics,860.1,38.67,33.67,13699.01,5.08,-17.78,354.27,0.1,13.62,87.79,0.03,260.88,2.67,361.11,78.98
Krishna Institu.,570.55,65.57,53.78,22829.93,11.4,3.04,348.2,0.89,25.89,-14.72,0,1782.3,4.98,379.9,92.5
Cello World,537.55,34.98,28.8,11873.68,5.96,23.46,339.4,0.02,24.65,1.56,0,48.74,,364.52,92.5
Triveni Turbine,514.25,48.18,45.56,16346.82,15,36.55,339.27,0.01,21.09,-0.6,0.02,10.4,5.13,340.2,92.6
Whirlpool India,941.85,36.18,61.7,11949.42,3.16,63.38,330.23,0.01,6.68,555.09,0.16,51.56,2.54,322.76,44.53
HBL Engineering,414.8,34.88,24.58,11498.05,8.38,39.11,329.65,0.05,21.13,91.45,0.02,63.26,6.32,312.94,64.67
ERIS Lifescience,1254.75,51.87,35.18,17085,6.16,-13.07,329.36,0.99,33.34,38.22,0.04,2734.83,3.79,352.33,86.93
Concord Biotech,1649.15,52.56,27.99,17252.78,10.85,9.04,328.24,0,41.33,11.64,0,3.43,6.63,328.24,74.09
Asahi India Glas,584.8,43.7,28.44,14216.49,5.74,1.7,325.32,0.94,16.53,59.17,0.01,2338.99,2.32,349.02,104.54
Elgi Equipments,443.5,43.33,40.77,14054.91,8.16,-20.05,324.38,0.3,14.78,104.72,0.05,521.44,7.05,324.38,80.58
KFin Technolog.,915.55,48.88,44.09,15741.83,12.94,40.87,322.04,0.04,44.41,-15.38,0.01,46.77,5.88,322.04,90.18
Techno Elec.Engg,900.6,32.63,30.38,10473.94,2.99,61.63,321.01,0,14.11,-13.99,0.01,0,10.71,365.84,95.99
Zydus Wellness,1591,31.63,29.95,10123.87,1.84,12.99,320.1,0.03,13.65,201.4,0.01,154.1,3.61,325.3,6.4
Poly Medicure,2214.25,71.21,53.78,22436.05,8.66,26.68,315.08,0.06,26.78,4.99,0.01,160.63,10.84,315.08,85.23
Hitachi Energy,12033.5,162.55,45.56,50999.99,36.36,210.86,313.75,0.25,8.17,-35.15,0,347.06,30.54,313.75,137.38
Radico Khaitan,2191.05,94.18,29.86,29316.87,11.71,31.76,311.27,0.36,13.37,-35.96,0,903.22,11.09,311.27,95.98
Inox Wind,162.41,68.57,45.56,21174.92,7.94,253.1,308.79,1.33,22,-9.45,0.01,3542.62,-6.45,288.93,111.64
Jyoti CNC Auto.,1000.3,74.18,31.58,22749.13,15.23,221.77,306.68,0.17,25.88,286.24,0.01,250.26,106.97,306.68,80.24
Trident,24.39,42.39,20,12429.31,2.9,-30.19,293.23,0.38,12.8,-100.33,0.04,1613.51,1.15,296.32,80.1
Newgen Software,949.3,45.86,27.72,13444.48,11.01,37.47,293.19,0.03,25.8,2.69,0.01,37.38,6.84,293.19,83.7
Hatsun Agro,868,67.15,29.95,19334.55,11.84,19.93,287.95,1.43,11.94,13.61,0,2334,3.34,287.95,40.94
Gravita India,1604.2,41.38,28.41,11840.35,12.77,22.28,286.16,0.6,8.23,5.44,0.01,559.12,13.08,287.4,78.06
Anand Rathi Wea.,1693.25,49.68,19.13,14057.47,25.39,34.12,282.97,0.12,42.44,-31.65,0,66.1,8.93,283.91,77.3
Bikaji Foods,672.8,60.32,29.95,16859.88,12.6,46.86,279.53,0.13,16.35,-9.57,0.01,179.8,10.35,279.53,30.79
Blue Dart Expres,5700.35,49.18,49.18,13526.93,9.49,-6.02,275.05,0.77,15.74,70.86,0.01,1096.6,1.53,275.05,81.01
Minda Corp,510.45,44.52,24.58,12203.81,5.81,-1.55,274.09,0.25,11.32,44.2,0.01,533.7,3.55,274.09,64.8
Navin Fluo.Intl.,4126.9,77.53,28.35,20467.67,8.29,-10.4,263.99,0.56,20.67,-7.83,0,1383.61,7.09,263.99,83.6
Ingersoll-Rand,3406.4,40.77,40.77,10753.32,16.82,16.89,263.74,0.01,26.09,-52.57,0.02,4.54,6.92,263.74,77.66
V-Guard Industri,335.05,55.82,45.56,14587.27,7.86,31.94,261.33,0.11,7.89,11.42,0,208.99,5.33,261.33,48.09
Clean Science,1203.65,49.08,28.35,12790.74,9.86,2.48,260.59,0,40.55,-1.97,0,2.04,5.13,260.59,65.64
Kaynes Tech,4243.9,105,43.63,27165.53,10.45,80.37,258.71,0.27,14.25,-6.52,0.04,698.34,90.18,258.71,66.46
National High,132,68.41,47.14,17321.05,1.22,-10.82,253.21,0.85,80.21,252.77,0.02,12105.11,,276.2,74.5
KSB,712.3,50.09,34.72,12396.81,8.35,18.67,247.5,0,13.32,-24.1,0.02,3.5,8.25,247.5,73.1
Rainbow Child.,1260.75,53.78,53.78,12803.13,9.53,8.39,238.06,0.57,32.33,-6.85,0,759.77,4.31,238.74,68.94
Blue Jet Health,842.75,62.27,27.99,14618.8,15.82,29.18,234.76,0,33.3,-24.48,0.01,1.08,7.42,234.76,98.98
Jubilant Food.,596.35,171.56,396.58,39349.87,18.01,4.08,229.36,1.94,19.56,101.51,0.01,4241.94,3.54,376.04,43.24
Amber Enterp.,6365.5,96.91,43.63,21530.35,10.2,54.83,222.16,0.96,7.43,-191.31,0.03,2032.45,4.23,231.76,37.05
Century Plyboard,705.95,72.21,44.14,15684.3,6.95,-39.84,217.2,0.56,11.14,26.57,0.01,1255.83,3.61,211.33,58.83
TBO Tek,1209.5,61.34,51.1,13133.69,12.21,14.6,214.13,0.2,16.55,188.11,0.06,210.45,7.4,217.39,49.98
Happiest Minds,668.95,47.72,27.72,10186.42,6.68,-8.5,213.46,0.82,18.28,38.98,0.1,1256.4,4.83,222.63,50.1
Zen Technologies,1214.55,51.6,41.3,10966.22,7.02,91.83,212.51,0.04,36.19,-75.12,0.01,62.07,28.51,223.17,42.67
PG Electroplast,835,111.44,43.63,23638.32,20.63,101,212.12,0.4,9.63,21.51,0,455.76,,212.12,39.54
PB Fintech.,1331.9,294.65,27.72,61168.48,10.01,6260.24,207.6,0.05,-0.32,252.52,0.01,334.56,-11.15,242.69,71.54
Schneider Elect.,607.9,71.51,45.56,14534.89,36.38,-6.6,203.25,1.29,14.65,27.74,0,513.57,14.12,216.56,110.53
Laurus Labs,574.05,155.03,27.99,30955.79,7.49,6.25,199.67,0.67,16.62,93.27,0,2789.03,3.39,200.59,92.94
Doms Industries,2809.75,85.66,16.14,17051.6,18.92,40.25,199.07,0.23,18.59,22.19,0.01,204.49,15.1,209.19,54.28
Craftsman Auto,4735.05,57.56,24.58,11295.74,4.06,-38.63,196.25,0.7,15.77,36.17,0.01,1958.4,2.13,204.64,12.93
JBM Auto,496.85,61.42,24.58,11750.22,9.54,26.58,191.32,2.14,11.83,9.66,0,2636.17,4.15,205.1,56.45
Lemon Tree Hotel,127.55,56.48,33.48,10105.1,9.94,42.59,178.92,2.23,48.69,9.96,0,2270.43,3.43,219,79.84
JSW Holdings,19381.8,122.91,19.13,21513.8,0.68,50.13,175.04,0,94.46,2.94,0,0,12.05,175.04,19.4
Poonawalla Fin,281.35,127.99,19.13,21889.32,2.71,-82.48,171.03,2.27,38.96,-501.01,0.02,18293.61,-0.67,171.03,18.73
T R I L,374.25,70.21,45.56,11233.71,10.18,1043.67,160,0.22,14.43,-3.14,0,244.07,26.09,163.84,55.48
Vijaya Diagnost.,1013.55,73.31,53.78,10402.7,14.35,24.08,141.9,0.4,40.32,-1.93,0.01,291.6,5.61,142.62,35.3
Aether Industri.,891.65,98.13,28.35,11822.41,5.42,-6.89,120.48,0.08,24.31,453.37,0.03,170.07,175.47,110.21,40.85
Chalet Hotels,767.3,165.76,33.48,16762.08,5.95,-58.18,101.12,0.74,41.96,-38.36,0.01,2074.11,4.35,101.1,96.52
Inox Wind Energy,8590.65,102.89,28.38,10349.65,3.48,164.37,100.59,0.5,21.49,-10.23,0.02,1475.23,,288.4,124.43
Brookfield India,299.14,195.49,39.74,18180.31,1.26,284.14,93,0.82,70.94,160.63,0.02,11765.44,,93,25.81
SignatureGlobal,1081.65,187.15,27.87,15198.34,23.87,567.53,81.21,3.62,0.77,-28.22,0.05,2306.4,,81.35,29.14
Sobha,1203.55,211.36,27.87,12865.37,3.67,-32.86,60.87,0.44,7.37,-165.66,0.04,1545.2,1.46,60.87,21.69
FSN E-Commerce,164.56,892.29,38.17,47050.19,36.06,90.98,52.73,1,5.74,34.4,0,1306.29,-53.07,62.09,26.41
PTC Industries,12126.95,352.77,27.42,18171.17,13.52,40.35,51.51,0.08,26.45,127.41,0.01,110.61,,51.17,14.24
Westlife Food,689.75,945.14,396.58,10755.7,18.09,-87.15,11.38,2.48,12.97,5.87,0,1472.7,3.62,11.38,7.01
